Product Name,Pricing,Rating
Apple iPhone 7 (Black| 32 GB),Rs. 29900Upto ,4.566,634
Apple iPhone 7 Plus (Rose Gold| 32 GB),Rs. 37900No Cost ,4.516,086
Apple iPhone 7 (Gold| 32 GB),Rs. 29900Upto ,4.566,634
Apple iPhone 7 Plus (Black| 32 GB),Rs. 37900No Cost ,4.516,086
Apple iPhone 7 (Rose Gold| 32 GB),Rs. 29900Upto ,4.566,634
Apple iPhone 8 (Space Grey| 64 GB),Rs. 39900No Cost ,4.54,868
Apple iPhone 7 Plus (Silver| 32 GB),Rs. 37900No Cost ,4.516,086
Apple iPhone 6s (Space Grey| 32 GB),Rs. 29799,4.588,876
Apple iPhone 8 (Gold| 64 GB),Rs. 39900No Cost ,4.54,868
Apple iPhone 8 (Silver| 64 GB),Rs. 39900No Cost ,4.54,868
Apple iPhone 7 Plus (Gold| 32 GB),Rs. 37900No Cost ,4.516,086
Apple iPhone XR (Black| 64 GB),Rs. 44999,4.65,961
Apple iPhone 6s (Rose Gold| 32 GB),Rs. 29799,4.588,876
Apple iPhone 11 Pro (Silver| 256 GB),Rs. 113900No Cost ,4.7435
Apple iPhone XR (White| 64 GB),Rs. 44999,4.65,961
Apple iPhone 11 Pro Max (Midnight Green| 256 GB),Rs. 123900No Cost ,4.7324
Apple iPhone 6s (Gold| 32 GB),Rs. 29799,4.588,876
Apple iPhone 11 Pro Max (Midnight Green| 64 GB),Rs. 109900No Cost ,4.7324
Apple iPhone XR ((PRODUCT)RED| 64 GB),Rs. 53900,4.65,961
Apple iPhone 11 Pro Max (Gold| 256 GB),Rs. 123900No Cost ,4.7324
Apple iPhone 11 (Black| 64 GB),Rs. 64900No Cost ,4.71,478
Apple iPhone 11 Pro (Midnight Green| 256 GB),Rs. 113900No Cost ,4.7435
Apple iPhone XR (Coral| 64 GB),Rs. 44999,4.65,961
Apple iPhone XR (White| 128 GB),Rs. 55849,4.65,961
